index,sink,source,raw_filepath,function
165,"""/pages/index/deviceUpdate/deviceUpdate?param="" + JSON.stringify(t)_#T3$toDeviceUpdate","{
                            _id: this.blue.device._id,
                            mac: this.blue.device.mac,
                            secretKey: this.blue.device.secretKey,
                            pword: this.blue.device.pword,
                            user: this.blue.device.user._id,
                            versionType: this.blue.device.versionType || ""7E"",
                            versionBlue: this.blue.device.version || """",
                            versionFinger: this.blue.device.versionFinger || """"
                        };
                        ",{'E:/MiniCAT_Linux_sync/dec_dir/wxda28f39391f7372d_dec/pages/index/deviceDetail/deviceDetail.js'},toDeviceUpdate
85,"""/pages/index/deviceUseRecord/deviceUseRecord?param="" + JSON.stringify(t)_#T3$toUseRecord","{
                            _id: this.param._id,
                            device: {
                                _id: this.blue.device._id,
                                mac: this.blue.device.mac,
                                secretKey: this.blue.device.secretKey,
                                electricity: this.blue.device.electricity || """",
                                user: this.blue.device.user._id,
                                isNewDevice: this.blue.isNewDevice
                            }
                        };
                        ",{'E:/MiniCAT_Linux_sync/dec_dir/wxda28f39391f7372d_dec/pages/index/deviceMFDetail/deviceMFDetail.js'},toUseRecord
203,"""/pages/index/devicePwd/devicePwd?param="" + JSON.stringify(t)_#T3$toPwdManage","{
                            _id: this.blue.device._id,
                            code: this.blue.device.code,
                            mac: this.blue.device.mac,
                            secretKey: this.blue.device.secretKey,
                            pword: this.blue.device.pword
                        };
                        ",{'E:/MiniCAT_Linux_sync/dec_dir/wxda28f39391f7372d_dec/pages/index/deviceDetail/deviceDetail.js'},toPwdManage
123,"""/pages/shop/goodsSettlement/goodsSettlement?param="" + JSON.stringify(e)_#T3$toSubmit","{
                            _id: o._id,
                            code: o.code,
                            name: o.name,
                            img: o.img,
                            price: o.price,
                            marketPrice: o.marketPrice
                        };
                        ",{'E:/MiniCAT_Linux_sync/dec_dir/wxda28f39391f7372d_dec/pages/shop/goodsDetail/goodsDetail.js'},toSubmit
60,"""/pages/index/deviceMFFinger/deviceMFFinger?param="" + JSON.stringify(o)_#T2$toDeviceFinger","{
                                _id: this.blue.device._id,
                                mac: this.blue.device.mac,
                                secretKey: this.blue.device.secretKey,
                                pword: this.blue.device.pword
                            };
                            ",{'E:/MiniCAT_Linux_sync/dec_dir/wxda28f39391f7372d_dec/pages/index/deviceMFDetail/deviceMFDetail.js'},toDeviceFinger
182,"""/pages/index/deviceFinger/deviceFinger?param="" + JSON.stringify(t)_#T3$toDeviceFinger","{
                            _id: this.blue.device._id,
                            mac: this.blue.device.mac,
                            secretKey: this.blue.device.secretKey,
                            pword: this.blue.device.pword
                        };
                        ",{'E:/MiniCAT_Linux_sync/dec_dir/wxda28f39391f7372d_dec/pages/index/deviceDetail/deviceDetail.js'},toDeviceFinger
189,"""/pages/index/deviceCard/deviceCard?param="" + JSON.stringify(t)_#T3$toICManage","{
                            _id: this.blue.device._id,
                            mac: this.blue.device.mac,
                            secretKey: this.blue.device.secretKey,
                            pword: this.blue.device.pword
                        };
                        ",{'E:/MiniCAT_Linux_sync/dec_dir/wxda28f39391f7372d_dec/pages/index/deviceDetail/deviceDetail.js'},toICManage
71,"""/pages/index/deviceMFPwd/deviceMFPwd?param="" + JSON.stringify(t)_#T3$toDevicePwd","{
                            _id: this.blue.device._id,
                            mac: this.blue.device.mac,
                            secretKey: this.blue.device.secretKey,
                            pword: this.blue.device.pword
                        };
                        ",{'E:/MiniCAT_Linux_sync/dec_dir/wxda28f39391f7372d_dec/pages/index/deviceMFDetail/deviceMFDetail.js'},toDevicePwd
78,"""/pages/index/deviceMFIC/deviceMFIC?param="" + JSON.stringify(t)_#T3$toDeviceIC","{
                            _id: this.blue.device._id,
                            mac: this.blue.device.mac,
                            secretKey: this.blue.device.secretKey,
                            pword: this.blue.device.pword
                        };
                        ",{'E:/MiniCAT_Linux_sync/dec_dir/wxda28f39391f7372d_dec/pages/index/deviceMFDetail/deviceMFDetail.js'},toDeviceIC
196,"""/pages/index/deviceFast/deviceFast?param="" + JSON.stringify(t)_#T3$toFastManage","{
                            _id: this.blue.device._id,
                            mac: this.blue.device.mac,
                            secretKey: this.blue.device.secretKey,
                            pword: this.blue.device.pword
                        };
                        ",{'E:/MiniCAT_Linux_sync/dec_dir/wxda28f39391f7372d_dec/pages/index/deviceDetail/deviceDetail.js'},toFastManage
143,"""/pages/index/deviceAuthHandel/deviceAuthHandel?param="" + JSON.stringify(i)_#T1$getAuthOne","{
                                        device: t.device,
                                        deviceMaster: t.deviceMaster,
                                        authUser: t.authUser
                                    };
                                    ",{'E:/MiniCAT_Linux_sync/dec_dir/wxda28f39391f7372d_dec/pages/index/index.js'},getAuthOne
161,"""/pages/index/deviceDetail/deviceDetail?param="" + JSON.stringify(n)_#T3$toAuthOne","{
                            device: t.device,
                            deviceMaster: t.deviceMaster,
                            authCode: t.authCode,
                            authUser: this.user._id
                        };
                        ",{'E:/MiniCAT_Linux_sync/dec_dir/wxda28f39391f7372d_dec/pages/index/index.js'},toAuthOne
119,"""/pages/index/webView/webView?param="" + JSON.stringify(t)_#T3$toServicePage","{
                            url: encodeURIComponent(""https://mp.weixin.qq.com/s/Mc-n-KX2qf28fJziIMklDw""),
                            titile: ""关注公众号，咨询客服""
                        };
                        ",{'E:/MiniCAT_Linux_sync/dec_dir/wxda28f39391f7372d_dec/pages/person/person.js'},toServicePage
117,"""/pages/index/info/infoDetailNew/infoDetailNew?param="" + JSON.stringify(a)_#T2$toSelectMenu","{
                                _id: 0 == t.language.indexOf(""zh"") ? ""ZWSYSM"" : ""YWSYSM"",
                                isImgNot: 1
                            };
                            ",{'E:/MiniCAT_Linux_sync/dec_dir/wxda28f39391f7372d_dec/pages/person/person.js'},toSelectMenu
110,"""/pages/index/info/infoDetail/infoDetail?param="" + JSON.stringify(n)_#T3$toAgreementView","{
                            _id: 0 == e.getSystemInfoSync().language.indexOf(""zh"") ? ""ZWFWXY"" : ""YWFWXY""
                        };
                        ",{'E:/MiniCAT_Linux_sync/dec_dir/wxda28f39391f7372d_dec/pages/person/login.js'},toAgreementView
26,"""/pages/index/deviceDetail/deviceDetail?param="" + JSON.stringify(l)_#T1$checkDevice","{
                                                _id: o._id
                                            };
                                            ",{'E:/MiniCAT_Linux_sync/dec_dir/wxda28f39391f7372d_dec/pages/index/deviceAddBlue/deviceAddBlue.js'},checkDevice
52,"""/pages/index/deviceAuthTemp/deviceAuthTemp?param="" + encodeURIComponent(JSON.stringify(n))_#T3$toAddAuthView","{
                            _id: this.param._id,
                            type: e
                        };
                        ",{'E:/MiniCAT_Linux_sync/dec_dir/wxda28f39391f7372d_dec/pages/index/deviceAuth/deviceAuth.js'},toAddAuthView
113,"""/pages/person/login?param="" + JSON.stringify(t)_#T3$toSubmit","{
                                        phone: n.form.phone
                                    };
                                    ",{'E:/MiniCAT_Linux_sync/dec_dir/wxda28f39391f7372d_dec/pages/person/register/register.js'},toSubmit
152,"""/pages/index/deviceDetail/deviceDetail?param="" + JSON.stringify(n)_#T3$toListItem","{
                            _id: i._id,
                            noAuto: !0
                        };
                        ",{'E:/MiniCAT_Linux_sync/dec_dir/wxda28f39391f7372d_dec/pages/index/index.js'},toListItem
156,"""/pages/index/deviceDetail/deviceDetail?param="" + JSON.stringify(n)_#T3$toListTempItem","{
                            _id: i._id,
                            noAuto: !0
                        };
                        ",{'E:/MiniCAT_Linux_sync/dec_dir/wxda28f39391f7372d_dec/pages/index/index.js'},toListTempItem
148,"""/pages/index/deviceDetail/deviceDetail?param="" + JSON.stringify(n)_#T2$getAuthOne","{
                                        _id: t.device
                                    };
                                    ",{'E:/MiniCAT_Linux_sync/dec_dir/wxda28f39391f7372d_dec/pages/index/index.js'},getAuthOne
46,"""/pages/index/order/expressInfo?param="" + JSON.stringify(n)_#T3$toExpressView","{
                            _id: this.tabs.data[this.tabs.index].list[t]._id
                        };
                        ",{'E:/MiniCAT_Linux_sync/dec_dir/wxda28f39391f7372d_dec/pages/index/deviceUseRecord/deviceUseRecord.js'},toExpressView
16,"""/pages/index/deviceDetail/deviceDetail?param="" + JSON.stringify(o)_#T2$checkDevice","{
                                        _id: t._id
                                    };
                                    ",{'E:/MiniCAT_Linux_sync/dec_dir/wxda28f39391f7372d_dec/pages/index/deviceAdd/deviceAdd.js'},checkDevice
39,"""/pages/index/deviceAdd/deviceAdd?param="" + JSON.stringify(f)_#T2$checkDevice","{
                                        _id: a._id
                                    };
                                    ",{'E:/MiniCAT_Linux_sync/dec_dir/wxda28f39391f7372d_dec/pages/index/index.js'},checkDevice
32,"""/pages/index/deviceDetail/deviceDetail?param="" + JSON.stringify(d)_#T2$checkDevice","{
                                        _id: a._id
                                    };
                                    ",{'E:/MiniCAT_Linux_sync/dec_dir/wxda28f39391f7372d_dec/pages/index/index.js'},checkDevice
18,"""/pages/index/deviceAuthAsk/deviceAuthAsk?param="" + JSON.stringify(r)_#T2$checkDevice","{
                                        _id: t._id
                                    };
                                    ",{'E:/MiniCAT_Linux_sync/dec_dir/wxda28f39391f7372d_dec/pages/index/deviceAdd/deviceAdd.js'},checkDevice
20,"""/pages/index/deviceDetail/deviceDetail?param="" + JSON.stringify(n)_#T3$toBindDevice","{
                                    _id: t.form.code
                                };
                                ",{'E:/MiniCAT_Linux_sync/dec_dir/wxda28f39391f7372d_dec/pages/index/deviceAdd/deviceAdd.js'},toBindDevice
134,"""/pages/person/feedbackReversion/feedbackReversion?param="" + JSON.stringify(r)_#T1$shareIn","{
                                    _id: t._id
                                };
                                ",{'E:/MiniCAT_Linux_sync/dec_dir/wxda28f39391f7372d_dec/pages/index/index.js'},shareIn
105,"""/pages/index/deviceAuth/deviceAuth?param="" + JSON.stringify(t)_#T1$toAuthManage","{
                                _id: this.param._id
                            };
                            ",{'E:/MiniCAT_Linux_sync/dec_dir/wxda28f39391f7372d_dec/pages/index/deviceMFDetail/deviceMFDetail.js'},toAuthManage
7,"""/pages/index/deviceDetail/deviceDetail?param="" + JSON.stringify(o)_#T1$authResult","{
                                _id: t.data.device
                            };
                            ",{'E:/MiniCAT_Linux_sync/dec_dir/wxda28f39391f7372d_dec/common/main.js'},authResult
12,"""/pages/friend/friendAuth/friendAuth?param="" + JSON.stringify(t)_#T3$toFriendAuth","{
                            _id: this.detail.friend._id
                        };
                        ",{'E:/MiniCAT_Linux_sync/dec_dir/wxda28f39391f7372d_dec/pages/friend/friendDetail/friendDetail.js'},toFriendAuth
112,"""/pages/index/webView/webView?param="" + JSON.stringify(t)_#T3$toWebView","{
                            url: encodeURIComponent(n)
                        };
                        ",{'E:/MiniCAT_Linux_sync/dec_dir/wxda28f39391f7372d_dec/pages/person/person.js'},toWebView
109,"""/pages/index/webView/webView?param="" + JSON.stringify(t)_#T2$toPrivacy","{
                            url: encodeURIComponent(n)
                        };
                        ","{'E:/MiniCAT_Linux_sync/dec_dir/wxda28f39391f7372d_dec/pages/person/login.js', 'E:/MiniCAT_Linux_sync/dec_dir/wxda28f39391f7372d_dec/pages/person/person.js'}",toPrivacy
120,"""/pages/index/webView/webView?param="" + JSON.stringify(i)_#T2$toAgreement","{
                            url: encodeURIComponent(t)
                        };
                        ",{'E:/MiniCAT_Linux_sync/dec_dir/wxda28f39391f7372d_dec/pages/index/index.js'},toAgreement
59,"""/pages/index/webView/webView?param="" + JSON.stringify(n)_#T3$toWebView","{
                            url: encodeURIComponent(e)
                        };
                        ",{'E:/MiniCAT_Linux_sync/dec_dir/wxda28f39391f7372d_dec/pages/person/aboutUs/aboutUs.js'},toWebView
67,"""/pages/person/message/messageDetail?param="" + JSON.stringify(n)_#T3$toListItem","{
                            _id: this.list.data[e]._id
                        };
                        ",{'E:/MiniCAT_Linux_sync/dec_dir/wxda28f39391f7372d_dec/pages/person/message/message.js'},toListItem
121,"""/pages/index/webView/webView?param="" + JSON.stringify(i)_#T2$toPrivacy","{
                            url: encodeURIComponent(t)
                        };
                        ",{'E:/MiniCAT_Linux_sync/dec_dir/wxda28f39391f7372d_dec/pages/index/index.js'},toPrivacy
55,"""/pages/manage/video/videoDetail?param="" + JSON.stringify(i)_#T3$toListItem","{
                            _id: this.list.data[t]._id
                        };
                        ",{'E:/MiniCAT_Linux_sync/dec_dir/wxda28f39391f7372d_dec/pages/manage/video/video.js'},toListItem
48,"""/pages/index/info/infoDetail/infoDetail?param="" + JSON.stringify(i)_#T3$toListItem","{
                            _id: this.list.data[a]._id
                        };
                        ",{'E:/MiniCAT_Linux_sync/dec_dir/wxda28f39391f7372d_dec/pages/index/info/info.js'},toListItem
108,"""/pages/index/webView/webView?param="" + JSON.stringify(t)_#T2$toAgreement","{
                            url: encodeURIComponent(n)
                        };
                        ","{'E:/MiniCAT_Linux_sync/dec_dir/wxda28f39391f7372d_dec/pages/person/login.js', 'E:/MiniCAT_Linux_sync/dec_dir/wxda28f39391f7372d_dec/pages/person/person.js'}",toAgreement
158,"""/pages/index/deviceAddBlue/deviceAddBlue?param="" + JSON.stringify({
                                code: """"
                            })
                        });
_#T1$toDeviceAdd","{
                                code: """"
                            })
                        });
",{'E:/MiniCAT_Linux_sync/dec_dir/wxda28f39391f7372d_dec/pages/index/index.js'},toDeviceAdd
179,"""/pages/index/deviceAuth/deviceAuth?param="" + JSON.stringify(t)_#T3$toAuthManage","{
                            _id: this.param._id
                        };
                        ",{'E:/MiniCAT_Linux_sync/dec_dir/wxda28f39391f7372d_dec/pages/index/deviceDetail/deviceDetail.js'},toAuthManage
118,"""/pages/index/order/orderList?param="" + JSON.stringify(t)_#T3$toOrderList","{
                            status: n
                        };
                        ",{'E:/MiniCAT_Linux_sync/dec_dir/wxda28f39391f7372d_dec/pages/person/person.js'},toOrderList
34,"""/pages/index/deviceAuthTempDetail/deviceAuthTempDetail?param="" + encodeURIComponent(JSON.stringify(n))_#T3$toListItem",this.tabs.data[this.tabs.index].list,"{'E:/MiniCAT_Linux_sync/dec_dir/wxda28f39391f7372d_dec/pages/index/deviceUseRecord/deviceUseRecord.js', 'E:/MiniCAT_Linux_sync/dec_dir/wxda28f39391f7372d_dec/pages/record/record.js', 'E:/MiniCAT_Linux_sync/dec_dir/wxda28f39391f7372d_dec/pages/index/deviceAuth/deviceAuth.js'}",toListItem
130,"""/pages/shop/orderDetail/orderDetail?param="" + JSON.stringify(i)_#T3$toListItem",this.list.tab[this.list.index].data,{'E:/MiniCAT_Linux_sync/dec_dir/wxda28f39391f7372d_dec/pages/shop/order/order.js'},toListItem
178,"""/pages/index/deviceUpdate/deviceUpdate?param="" + JSON.stringify(t)_#T2$toDeviceUpdate",this.blue.device.versionFinger,{'E:/MiniCAT_Linux_sync/dec_dir/wxda28f39391f7372d_dec/pages/index/deviceDetail/deviceDetail.js'},toDeviceUpdate
100,"""/pages/index/deviceUseRecord/deviceUseRecord?param="" + JSON.stringify(t)_#T2$toUseRecord",this.blue.device.user._id,{'E:/MiniCAT_Linux_sync/dec_dir/wxda28f39391f7372d_dec/pages/index/deviceMFDetail/deviceMFDetail.js'},toUseRecord
136,"""/pages/shop/goodsDetail/goodsDetail?_id="" + e._id_#T3$toListItem",this.list.data,{'E:/MiniCAT_Linux_sync/dec_dir/wxda28f39391f7372d_dec/pages/shop/shop.js'},toListItem
10,"""/pages/friend/friendDetail/friendDetail?param="" + encodeURIComponent(JSON.stringify(i))_#T3$toListItem",this.list.data,{'E:/MiniCAT_Linux_sync/dec_dir/wxda28f39391f7372d_dec/pages/friend/friend.js'},toListItem
0,may not url:i_#T3$imgTap,this.childs,{'E:/MiniCAT_Linux_sync/dec_dir/wxda28f39391f7372d_dec/components/mp-html/node/node.js'},imgTap
2,may not url:i_#T1$linkTap,this.childs,{'E:/MiniCAT_Linux_sync/dec_dir/wxda28f39391f7372d_dec/components/mp-html/node/node.js'},linkTap
159,"""/pages/index/deviceDetail/deviceDetail?param="" + JSON.stringify(n)_#T3$toStartApp",this.param,{'E:/MiniCAT_Linux_sync/dec_dir/wxda28f39391f7372d_dec/pages/index/index.js'},toStartApp
133,"""/pages/person/feedbackReversion/feedbackReversion?param="" + JSON.stringify(r)_#T3$toStartApp",this.param,{'E:/MiniCAT_Linux_sync/dec_dir/wxda28f39391f7372d_dec/pages/index/index.js'},toStartApp
139,"may not url:t.path.wx + ""?_id="" + t.goods_#T1$toSelectSwiper",t.path.wx,{'E:/MiniCAT_Linux_sync/dec_dir/wxda28f39391f7372d_dec/pages/index/index.js'},toSelectSwiper
147,"""/pages/index/deviceMFDetail/deviceMFDetail?isOne=1&_id="" + t.device_#T1$getAuthOne",t.device,{'E:/MiniCAT_Linux_sync/dec_dir/wxda28f39391f7372d_dec/pages/index/index.js'},getAuthOne
4,may not url:i_#T2$linkTap,e.attrs,{'E:/MiniCAT_Linux_sync/dec_dir/wxda28f39391f7372d_dec/components/mp-html/node/node.js'},linkTap
160,"""/pages/index/deviceDetail/deviceDetail?param="" + JSON.stringify(n)_#T1$shareIn",t.param,{'E:/MiniCAT_Linux_sync/dec_dir/wxda28f39391f7372d_dec/pages/index/index.js'},shareIn
6,"""/pages/index/deviceAuthHandel/deviceAuthHandel?param="" + JSON.stringify(o)_#T3$authAsk",t.data,{'E:/MiniCAT_Linux_sync/dec_dir/wxda28f39391f7372d_dec/common/main.js'},authAsk
142,may not url:t.path_#T1$toSelectSwiper,t.path,{'E:/MiniCAT_Linux_sync/dec_dir/wxda28f39391f7372d_dec/pages/index/index.js'},toSelectSwiper
111,may not url:t.page_#T1$toSelectMenu,t.page,{'E:/MiniCAT_Linux_sync/dec_dir/wxda28f39391f7372d_dec/pages/person/setting/setting.js'},toSelectMenu
116,may not url:n.page_#T1$toSelectMenu,n.page,{'E:/MiniCAT_Linux_sync/dec_dir/wxda28f39391f7372d_dec/pages/person/person.js'},toSelectMenu
1,may not url:i_#T1$imgTap,e.a,{'E:/MiniCAT_Linux_sync/dec_dir/wxda28f39391f7372d_dec/components/mp-html/node/node.js'},imgTap
211,"may not url:e + ""?param="" + JSON.stringify(n || {})_#T2$toPage",{},{'E:/MiniCAT_Linux_sync/dec_dir/wxda28f39391f7372d_dec/common/vendor.js'},toPage
